Workbook

Sheet README
A1: RESHAPE plate map — Rhizopus microsporus radial growth
A3: WHAT THIS FILE IS
A4: One sheet per experiment. Each sheet lists the 15 plate positions (A1-E3) in the RESHAPE RI92 tray
A5: and says what was in each one. The Python pipeline reads this to label every image folder.
A7: HOW TO FILL IT IN
A8: 1. Fill the Strains sheet first with your 4 strain IDs (they feed the Strain dropdowns).
A9: 2. Open the sheet for an experiment. Grey columns (Plate / Grid_Row / Grid_Col) are fixed — do not edit.
A10: 3. Fill the yellow columns from your phone photo of that tray:
A11: Role - what the plate is. Dropdown:
A12: sample = spores + full experimental medium (expect 12)
A13: water = water only (expect 1)
A14: contamination_control = experimental medium, NO spores (expect 1)
... A65: PROGRESS
A66: Experiment sheet | B66: Roles filled (of 15)
A67: Cellulose AmmSulf | B67: =COUNTA('Cellulose AmmSulf'!$D$5:$D$14)
A68: Coffee AmmSulf | B68: =COUNTA('Coffee AmmSulf'!$D$5:$D$14)
A69: Dextrose AmmSulf Fresh | B69: =COUNTA('Dextrose AmmSulf Fresh'!$D$5:$D$14)
A70: Dextrose NaNO3 | B70: =COUNTA('Dextrose NaNO3'!$D$5:$D$14)
A71: Dextrose Urea | B71: =COUNTA('Dextrose Urea'!$D$5:$D$14)
A72: Fructose AmmSulf | B72: =COUNTA('Fructose AmmSulf'!$D$5:$D$14)
A73: Glycerol AmmSulf | B73: =COUNTA('Glycerol AmmSulf'!$D$5:$D$14)
A74: Molasses AmmSulf | B74: =COUNTA('Molasses AmmSulf'!$D$5:$D$14)
A75: Xylose AmmSulf | B75: =COUNTA('Xylose AmmSulf'!$D$5:$D$14)
A76: TOTAL (of 135) | B76: =SUM(B67:B75)

Sheet Experiments
A1: Folder -> sheet lookup used by the Python loader
A2: Data_Folder must match the folder name on disk exactly (the folder inside each zip). Sheet_Name must match a tab in this workbook. Yellow columns are editable.
A3: Data_Folder | B3: Sheet_Name | C3: Carbon_Source | D3: Nitrogen_Source | E3: Start_Offset_h | F3: Baseline_Frame | G3: Date_Started | H3: Notes | I3: Condition | J3: Bio_Replicate | K3: Minus_Control_Omits | L3: Gelling_Agent | M3: Last_Frame
A4: Cellulose Ammonium Sulfate | B4: Cellulose AmmSulf | C4: Cellulose | D4: Ammonium sulfate | E4: 0 | F4: auto | H4: Agarose | K4: Cellulose | L4: agar
A5: Coffee Ammonium Sulfate | B5: Coffee AmmSulf | C5: Coffee | D5: Ammonium sulfate | E5: 4 | F5: auto | H5: Timelapse started 4 h after plates went into the RI92, Agar | K5: Coffee | L5: agar
A6: Dextrose Ammonium Sulfate Fresh Spores | B6: Dextrose AmmSulf Fresh | C6: Dextrose | D6: Ammonium sulfate | E6: 0 | F6: auto | H6: Agar | I6: Dextrose + Ammonium Sulfate | J6: 1 | K6: Ammonium sulfate | L6: agar
A7: Dextrose Sodium Nitrate | B7: Dextrose NaNO3 | C7: Dextrose | D7: Sodium nitrate | E7: 1.5 | F7: auto | H7: Timelapse started 1 h 30 min after plates went into the RI92, Agarose | K7: Sodium nitrate | L7: agarose
A8: Dextrose Urea | B8: Dextrose Urea | C8: Dextrose | D8: Urea | E8: 0 | F8: auto | H8: Agarose | K8: Urea | L8: agarose
A9: Fructose Ammonium Sulfate | B9: Fructose AmmSulf | C9: Fructose | D9: Ammonium sulfate | E9: 0 | F9: auto | H9: Agar | K9: Fructose | L9: agar
A10: Glycerol Ammonium Sulfate | B10: Glycerol AmmSulf | C10: Glycerol | D10: Ammonium sulfate | E10: 0 | F10: auto | H10: Agar | K10: Glycerol | L10: agar
A11: Molasses Ammonium Sulfate | B11: Molasses AmmSulf | C11: Molasses | D11: Ammonium sulfate | E11: 0 | F11: auto | H11: Agar | K11: Molasses | L11: agar
A12: Xylose Ammonium Sulfate | B12: Xylose AmmSulf | C12: Xylose | D12: Ammonium sulfate | E12: 0 | F12: auto | H12: Agar | K12: Xylose | L12: agar
A13: Dextrose AS V4 | B13: Dextrose AS V4 | C13: Dextrose | D13: Ammonium sulfate | E13: 0 | F13: auto | I13: Dextrose + Ammonium Sulfate | J13: 2 | K13: Ammonium sulfate | L13: agar
A14: Dextrose Ammonium Sulfate Agarose Part 2 (power issue) | B14: Dextrose AS Agarose | C14: Dextrose | D14: Ammonium sulfate | E14: 9.8 | F14: auto | H14: Power failure; capture restarted ~9.8 h after inoculation (offset ESTIMATED from growth landmark, not measured). Agarose, not agar. 52 frames = 26 h. | I14: Dextrose + Ammonium Sulfate (agarose) | J14: 1 | K14: Ammonium sulfate | L14: agarose
A15: Glutamate Ammonium Sulfate | B15: Glutamate AmmSulf | C15: Glutamate | D15: Ammonium sulfate | E15: 0 | F15: auto | H15: Carbon-source series. Data not yet collected — correct Data_Folder if the zip is named differently, and set Gelling_Agent. | K15: Glutamate | L15: agar | M15: 94
A16: All plotted times are measured from when the plates went in, so an experiment
A17: whose capture started late is shifted right by this amount and stays comparable
A18: with the others. Leave at 0 when capture started immediately.
A20: Baseline_Frame Frame used as the clean 'no growth' background for subtraction.
A21: 'auto' (recommended) detects when condensation has stopped changing and uses
A22: the first settled frame. A number forces it — 1 frame = 30 min, so 4 = 2 h.
A23: A per-plate value on an experiment sheet overrides this default.
A24: Frames before the baseline are excluded from that plate's series.

Sheet Strains
A1: Strain reference
A2: Fill column A with your 4 strain IDs. These feed the Strain dropdowns on every experiment sheet. Spare rows are provided; leave unused rows blank.
A3: Strain_ID | B3: Species | C3: Description | D3: Notes
A4: 6205 | B4: Rhizopus microsporus
A5: B2002 | B5: Rhizopus microsporus
A6: NH | B6: Rhizopus microsporus
A7: UM1 | B7: Rhizopus microsporus

Sheet Cellulose AmmSulf
A1: Plate map — Cellulose Ammonium Sulfate
A2: Yellow cells = fill in. Grey cells = fixed, do not edit. Row 4 is a worked EXAMPLE — delete it or leave it, the loader ignores row 4.
A3: Plate | B3: Grid_Row | C3: Grid_Col | D3: Role | E3: Strain | F3: Replicate | G3: Spores | H3: Carbon | I3: Nitrogen | J3: Include | K3: Baseline_Frame | L3: Notes
A4: EXAMPLE | B4: 1 | C4: A | D4: sample | E4: STRAIN_1 | F4: 1 | G4: Y | H4: Cellulose | I4: Ammonium sulfate | J4: Y | K4: auto | L4: example only — loader skips this row
A5: A1 | B5: 1 | C5: A | D5: sample | E5: B2002 | F5: 3 | G5: Y | H5: Cellulose | I5: Ammonium sulfate | J5: Y
A6: B1 | B6: 1 | C6: B | D6: unused | G6: N | H6: Cellulose | I6: Ammonium sulfate | J6: N
A7: C1 | B7: 1 | C7: C | D7: sample | E7: 6205 | F7: 3 | G7: Y | H7: Cellulose | I7: Ammonium sulfate | J7: Y
A8: D1 | B8: 1 | C8: D | D8: contamination_control | G8: N | H8: Cellulose | I8: Ammonium sulfate | J8: Y
A9: E1 | B9: 1 | C9: E | D9: sample | E9: UM1 | F9: 3 | G9: Y | H9: Cellulose | I9: Ammonium sulfate | J9: Y
A10: A2 | B10: 2 | C10: A | D10: sample | E10: UM1 | F10: 2 | G10: Y | H10: Cellulose | I10: Ammonium sulfate | J10: Y
A11: B2 | B11: 2 | C11: B | D11: sample | E11: B2002 | F11: 2 | G11: Y | H11: Cellulose | I11: Ammonium sulfate | J11: Y
A12: C2 | B12: 2 | C12: C | D12: water | G12: N | H12: Cellulose | I12: Ammonium sulfate | J12: N
A13: D2 | B13: 2 | C13: D | D13: sample | E13: 6205 | F13: 2 | G13: Y | H13: Cellulose | I13: Ammonium sulfate | J13: Y
A14: E2 | B14: 2 | C14: E | D14: sample | E14: NH | F14: 2 | G14: Y | H14: Cellulose | I14: Ammonium sulfate | J14: Y
A15: A3 | B15: 3 | C15: A | D15: sample | E15: NH | F15: 1 | G15: Y | H15: Cellulose | I15: Ammonium sulfate | J15: Y
A16: B3 | B16: 3 | C16: B | D16: sample | E16: UM1 | F16: 1 | G16: Y | H16: Cellulose | I16: Ammonium sulfate | J16: Y
A17: C3 | B17: 3 | C17: C | D17: minus_variable_control | E17: B2002 | G17: Y | H17: Cellulose | I17: Ammonium sulfate | J17: Y
A18: D3 | B18: 3 | C18: D | D18: sample | E18: B2002 | F18: 1 | G18: Y | H18: Cellulose | I18: Ammonium sulfate | J18: Y
A19: E3 | B19: 3 | C19: E | D19: sample | E19: 6205 | F19: 1 | G19: Y | H19: Cellulose | I19: Ammonium sulfate | J19: Y
A21: Sanity check
A22: Rows with a Role filled in (want 15) | D22: =COUNTA(D5:D19)
A23: Plates marked 'sample' (want 12) | D23: =COUNTIF(D5:D19,"sample")
A24: Plates marked 'water' (want 1) | D24: =COUNTIF(D5:D19,"water")
A25: Plates marked 'contamination_control' (want 1) | D25: =COUNTIF(D5:D14,"contamination_control")
A26: Plates marked 'minus_variable_control' (want 1) | D26: =COUNTIF(D5:D19,"minus_variable_control")
A27: Sample plates with a strain assigned (want 12) | D27: {=SUMPRODUCT((D5:D19="sample")*(E5:E19<>""))}
A28: Sample plates with a replicate number (want 12) | D28: {=SUMPRODUCT((D5:D19="sample")*(F5:F19<>""))}
A29: Duplicate strain+replicate pairs (want 0) | D29: {=SUMPRODUCT((D5:D19="sample")*(E5:E19<>"")*(COUNTIFS(E5:E19,E5:E19,F5:F19,F5:F19,D5:D19,"sample")>1))}

Sheet Coffee AmmSulf
A1: Plate map — Coffee Ammonium Sulfate
A2: Yellow cells = fill in. Grey cells = fixed, do not edit. Row 4 is a worked EXAMPLE — delete it or leave it, the loader ignores row 4.
A3: Plate | B3: Grid_Row | C3: Grid_Col | D3: Role | E3: Strain | F3: Replicate | G3: Spores | H3: Carbon | I3: Nitrogen | J3: Include | K3: Baseline_Frame | L3: Notes
A4: EXAMPLE | B4: 1 | C4: A | D4: sample | E4: STRAIN_1 | F4: 1 | G4: Y | H4: Coffee | I4: Ammonium sulfate | J4: Y | K4: auto | L4: example only — loader skips this row
A5: A1 | B5: 1 | C5: A | D5: sample | E5: B2002 | F5: 3 | G5: Y | H5: Coffee | I5: Ammonium sulfate | J5: Y
A6: B1 | B6: 1 | C6: B | D6: sample | E6: NH | F6: 3 | G6: Y | H6: Coffee | I6: Ammonium sulfate | J6: Y
A7: C1 | B7: 1 | C7: C | D7: contamination_control | G7: N | H7: Coffee | I7: Ammonium sulfate | J7: Y
A8: D1 | B8: 1 | C8: D | D8: sample | E8: UM1 | F8: 3 | G8: Y | H8: Coffee | I8: Ammonium sulfate | J8: Y
A9: E1 | B9: 1 | C9: E | D9: sample | E9: 6205 | F9: 3 | G9: Y | H9: Coffee | I9: Ammonium sulfate | J9: Y
A10: A2 | B10: 2 | C10: A | D10: sample | E10: B2002 | F10: 2 | G10: Y | H10: Coffee | I10: Ammonium sulfate | J10: Y
A11: B2 | B11: 2 | C11: B | D11: sample | E11: NH | F11: 2 | G11: Y | H11: Coffee | I11: Ammonium sulfate | J11: Y
A12: C2 | B12: 2 | C12: C | D12: water | G12: N | H12: Coffee | I12: Ammonium sulfate | J12: N
A13: D2 | B13: 2 | C13: D | D13: sample | E13: UM1 | F13: 2 | G13: Y | H13: Coffee | I13: Ammonium sulfate | J13: Y
A14: E2 | B14: 2 | C14: E | D14: sample | E14: 6205 | F14: 2 | G14: Y | H14: Coffee | I14: Ammonium sulfate | J14: Y
A15: A3 | B15: 3 | C15: A | D15: sample | E15: B2002 | F15: 1 | G15: Y | H15: Coffee | I15: Ammonium sulfate | J15: Y
A16: B3 | B16: 3 | C16: B | D16: sample | E16: NH | F16: 1 | G16: Y | H16: Coffee | I16: Ammonium sulfate | J16: Y
A17: C3 | B17: 3 | C17: C | D17: minus_variable_control | E17: B2002 | G17: Y | H17: Coffee | I17: Ammonium sulfate | J17: Y
A18: D3 | B18: 3 | C18: D | D18: sample | E18: UM1 | F18: 1 | G18: Y | H18: Coffee | I18: Ammonium sulfate | J18: Y
A19: E3 | B19: 3 | C19: E | D19: sample | E19: 6205 | F19: 1 | G19: Y | H19: Coffee | I19: Ammonium sulfate | J19: Y
A21: Sanity check
A22: Rows with a Role filled in (want 15) | D22: =COUNTA(D5:D19)
A23: Plates marked 'sample' (want 12) | D23: =COUNTIF(D5:D19,"sample")
A24: Plates marked 'water' (want 1) | D24: =COUNTIF(D5:D19,"water")
A25: Plates marked 'contamination_control' (want 1) | D25: =COUNTIF(D5:D14,"contamination_control")
A26: Plates marked 'minus_variable_control' (want 1) | D26: =COUNTIF(D5:D19,"minus_variable_control")
A27: Sample plates with a strain assigned (want 12) | D27: {=SUMPRODUCT((D5:D19="sample")*(E5:E19<>""))}
A28: Sample plates with a replicate number (want 12) | D28: {=SUMPRODUCT((D5:D19="sample")*(F5:F19<>""))}
A29: Duplicate strain+replicate pairs (want 0) | D29: {=SUMPRODUCT((D5:D19="sample")*(E5:E19<>"")*(COUNTIFS(E5:E19,E5:E19,F5:F19,F5:F19,D5:D19,"sample")>1))}

Sheet Dextrose AmmSulf Fresh
A1: Plate map — Dextrose Ammonium Sulfate Fresh Spores
A2: Yellow cells = fill in. Grey cells = fixed, do not edit. Row 4 is a worked EXAMPLE — delete it or leave it, the loader ignores row 4.
A3: Plate | B3: Grid_Row | C3: Grid_Col | D3: Role | E3: Strain | F3: Replicate | G3: Spores | H3: Carbon | I3: Nitrogen | J3: Include | K3: Baseline_Frame | L3: Notes
A4: EXAMPLE | B4: 1 | C4: A | D4: sample | E4: STRAIN_1 | F4: 1 | G4: Y | H4: Dextrose | I4: Ammonium sulfate | J4: Y | K4: auto | L4: example only — loader skips this row
A5: A1 | B5: 1 | C5: A | D5: sample | E5: NH | F5: 3 | G5: Y | H5: Dextrose | I5: Ammonium sulfate | J5: Y
A6: B1 | B6: 1 | C6: B | D6: sample | E6: UM1 | F6: 3 | G6: Y | H6: Dextrose | I6: Ammonium sulfate | J6: Y
A7: C1 | B7: 1 | C7: C | D7: minus_variable_control | E7: NH | G7: Y | H7: Dextrose | I7: Ammonium sulfate | J7: Y
A8: D1 | B8: 1 | C8: D | D8: sample | E8: 6205 | F8: 3 | G8: Y | H8: Dextrose | I8: Ammonium sulfate | J8: Y
A9: E1 | B9: 1 | C9: E | D9: sample | E9: B2002 | F9: 3 | G9: Y | H9: Dextrose | I9: Ammonium sulfate | J9: Y
A10: A2 | B10: 2 | C10: A | D10: sample | E10: NH | F10: 2 | G10: Y | H10: Dextrose | I10: Ammonium sulfate | J10: Y
A11: B2 | B11: 2 | C11: B | D11: sample | E11: UM1 | F11: 2 | G11: Y | H11: Dextrose | I11: Ammonium sulfate | J11: Y
A12: C2 | B12: 2 | C12: C | D12: water | G12: N | H12: Dextrose | I12: Ammonium sulfate | J12: N
A13: D2 | B13: 2 | C13: D | D13: sample | E13: 6205 | F13: 2 | G13: Y | H13: Dextrose | I13: Ammonium sulfate | J13: Y
A14: E2 | B14: 2 | C14: E | D14: sample | E14: B2002 | F14: 2 | G14: Y | H14: Dextrose | I14: Ammonium sulfate | J14: Y
A15: A3 | B15: 3 | C15: A | D15: sample | E15: NH | F15: 1 | G15: Y | H15: Dextrose | I15: Ammonium sulfate | J15: Y
A16: B3 | B16: 3 | C16: B | D16: sample | E16: UM1 | F16: 1 | G16: Y | H16: Dextrose | I16: Ammonium sulfate | J16: Y
A17: C3 | B17: 3 | C17: C | D17: contamination_control | G17: N | H17: Dextrose | I17: Ammonium sulfate | J17: Y
A18: D3 | B18: 3 | C18: D | D18: sample | E18: 6205 | F18: 1 | G18: Y | H18: Dextrose | I18: Ammonium sulfate | J18: Y
A19: E3 | B19: 3 | C19: E | D19: sample | E19: B2002 | F19: 1 | G19: Y | H19: Dextrose | I19: Ammonium sulfate | J19: Y
A21: Sanity check
A22: Rows with a Role filled in (want 15) | D22: =COUNTA(D5:D19)
A23: Plates marked 'sample' (want 12) | D23: =COUNTIF(D5:D19,"sample")
A24: Plates marked 'water' (want 1) | D24: =COUNTIF(D5:D19,"water")
A25: Plates marked 'contamination_control' (want 1) | D25: =COUNTIF(D5:D14,"contamination_control")
A26: Plates marked 'minus_variable_control' (want 1) | D26: =COUNTIF(D5:D19,"minus_variable_control")
A27: Sample plates with a strain assigned (want 12) | D27: {=SUMPRODUCT((D5:D19="sample")*(E5:E19<>""))}
A28: Sample plates with a replicate number (want 12) | D28: {=SUMPRODUCT((D5:D19="sample")*(F5:F19<>""))}
A29: Duplicate strain+replicate pairs (want 0) | D29: {=SUMPRODUCT((D5:D19="sample")*(E5:E19<>"")*(COUNTIFS(E5:E19,E5:E19,F5:F19,F5:F19,D5:D19,"sample")>1))}

Sheet Dextrose NaNO3
A1: Plate map — Dextrose Sodium Nitrate
A2: Yellow cells = fill in. Grey cells = fixed, do not edit. Row 4 is a worked EXAMPLE — delete it or leave it, the loader ignores row 4.
A3: Plate | B3: Grid_Row | C3: Grid_Col | D3: Role | E3: Strain | F3: Replicate | G3: Spores | H3: Carbon | I3: Nitrogen | J3: Include | K3: Baseline_Frame | L3: Notes
A4: EXAMPLE | B4: 1 | C4: A | D4: sample | E4: STRAIN_1 | F4: 1 | G4: Y | H4: Dextrose | I4: Sodium nitrate | J4: Y | K4: auto | L4: example only — loader skips this row
A5: A1 | B5: 1 | C5: A | D5: sample | E5: UM1 | F5: 3 | G5: Y | H5: Dextrose | I5: Sodium nitrate | J5: Y
A6: B1 | B6: 1 | C6: B | D6: contamination_control | G6: N | H6: Dextrose | I6: Sodium nitrate | J6: Y
A7: C1 | B7: 1 | C7: C | D7: sample | E7: B2002 | F7: 3 | G7: Y | H7: Dextrose | I7: Sodium nitrate | J7: Y
A8: D1 | B8: 1 | C8: D | D8: sample | E8: NH | F8: 3 | G8: Y | H8: Dextrose | I8: Sodium nitrate | J8: Y
A9: E1 | B9: 1 | C9: E | D9: sample | E9: 6205 | F9: 3 | G9: Y | H9: Dextrose | I9: Sodium nitrate | J9: Y
A10: A2 | B10: 2 | C10: A | D10: sample | E10: 6205 | F10: 2 | G10: Y | H10: Dextrose | I10: Sodium nitrate | J10: Y
A11: B2 | B11: 2 | C11: B | D11: sample | E11: UM1 | F11: 2 | G11: Y | H11: Dextrose | I11: Sodium nitrate | J11: Y
A12: C2 | B12: 2 | C12: C | D12: water | G12: N | H12: Dextrose | I12: Sodium nitrate | J12: N
A13: D2 | B13: 2 | C13: D | D13: sample | E13: B2002 | F13: 2 | G13: Y | H13: Dextrose | I13: Sodium nitrate | J13: Y
A14: E2 | B14: 2 | C14: E | D14: sample | E14: NH | F14: 2 | G14: Y | H14: Dextrose | I14: Sodium nitrate | J14: Y
A15: A3 | B15: 3 | C15: A | D15: sample | E15: NH | F15: 1 | G15: Y | H15: Dextrose | I15: Sodium nitrate | J15: Y
A16: B3 | B16: 3 | C16: B | D16: sample | E16: 6205 | F16: 1 | G16: Y | H16: Dextrose | I16: Sodium nitrate | J16: Y
A17: C3 | B17: 3 | C17: C | D17: sample | E17: UM1 | F17: 1 | G17: Y | H17: Dextrose | I17: Sodium nitrate | J17: Y
A18: D3 | B18: 3 | C18: D | D18: minus_variable_control | E18: 6205 | G18: Y | H18: Dextrose | I18: Sodium nitrate | J18: Y
A19: E3 | B19: 3 | C19: E | D19: sample | E19: B2002 | F19: 1 | G19: Y | H19: Dextrose | I19: Sodium nitrate | J19: Y
A21: Sanity check
A22: Rows with a Role filled in (want 15) | D22: =COUNTA(D5:D19)
A23: Plates marked 'sample' (want 12) | D23: =COUNTIF(D5:D19,"sample")
A24: Plates marked 'water' (want 1) | D24: =COUNTIF(D5:D19,"water")
A25: Plates marked 'contamination_control' (want 1) | D25: =COUNTIF(D5:D14,"contamination_control")
A26: Plates marked 'minus_variable_control' (want 1) | D26: =COUNTIF(D5:D19,"minus_variable_control")
A27: Sample plates with a strain assigned (want 12) | D27: {=SUMPRODUCT((D5:D19="sample")*(E5:E19<>""))}
A28: Sample plates with a replicate number (want 12) | D28: {=SUMPRODUCT((D5:D19="sample")*(F5:F19<>""))}
A29: Duplicate strain+replicate pairs (want 0) | D29: {=SUMPRODUCT((D5:D19="sample")*(E5:E19<>"")*(COUNTIFS(E5:E19,E5:E19,F5:F19,F5:F19,D5:D19,"sample")>1))}

Sheet Dextrose Urea
A1: Plate map — Dextrose Urea
A2: Yellow cells = fill in. Grey cells = fixed, do not edit. Row 4 is a worked EXAMPLE — delete it or leave it, the loader ignores row 4.
A3: Plate | B3: Grid_Row | C3: Grid_Col | D3: Role | E3: Strain | F3: Replicate | G3: Spores | H3: Carbon | I3: Nitrogen | J3: Include | K3: Baseline_Frame | L3: Notes
A4: EXAMPLE | B4: 1 | C4: A | D4: sample | E4: STRAIN_1 | F4: 1 | G4: Y | H4: Dextrose | I4: Urea | J4: Y | K4: auto | L4: example only — loader skips this row
A5: A1 | B5: 1 | C5: A | D5: sample | E5: UM1 | F5: 3 | G5: Y | H5: Dextrose | I5: Urea | J5: Y
A6: B1 | B6: 1 | C6: B | D6: sample | E6: B2002 | F6: 3 | G6: Y | H6: Dextrose | I6: Urea | J6: Y
A7: C1 | B7: 1 | C7: C | D7: contamination_control | G7: N | H7: Dextrose | I7: Urea | J7: Y
A8: D1 | B8: 1 | C8: D | D8: sample | E8: 6205 | F8: 3 | G8: Y | H8: Dextrose | I8: Urea | J8: Y
A9: E1 | B9: 1 | C9: E | D9: sample | E9: NH | F9: 3 | G9: Y | H9: Dextrose | I9: Urea | J9: Y
A10: A2 | B10: 2 | C10: A | D10: sample | E10: UM1 | F10: 2 | G10: Y | H10: Dextrose | I10: Urea | J10: Y
A11: B2 | B11: 2 | C11: B | D11: sample | E11: B2002 | F11: 2 | G11: Y | H11: Dextrose | I11: Urea | J11: Y
A12: C2 | B12: 2 | C12: C | D12: water | G12: N | H12: Dextrose | I12: Urea | J12: N
A13: D2 | B13: 2 | C13: D | D13: sample | E13: 6205 | F13: 2 | G13: Y | H13: Dextrose | I13: Urea | J13: Y
A14: E2 | B14: 2 | C14: E | D14: sample | E14: NH | F14: 2 | G14: Y | H14: Dextrose | I14: Urea | J14: Y
A15: A3 | B15: 3 | C15: A | D15: sample | E15: UM1 | F15: 1 | G15: Y | H15: Dextrose | I15: Urea | J15: Y
A16: B3 | B16: 3 | C16: B | D16: sample | E16: B2002 | F16: 1 | G16: Y | H16: Dextrose | I16: Urea | J16: Y
A17: C3 | B17: 3 | C17: C | D17: minus_variable_control | E17: NH | G17: Y | H17: Dextrose | I17: Urea | J17: Y
A18: D3 | B18: 3 | C18: D | D18: sample | E18: 6205 | F18: 1 | G18: Y | H18: Dextrose | I18: Urea | J18: Y
A19: E3 | B19: 3 | C19: E | D19: sample | E19: NH | F19: 1 | G19: Y | H19: Dextrose | I19: Urea | J19: Y
A21: Sanity check
A22: Rows with a Role filled in (want 15) | D22: =COUNTA(D5:D19)
A23: Plates marked 'sample' (want 12) | D23: =COUNTIF(D5:D19,"sample")
A24: Plates marked 'water' (want 1) | D24: =COUNTIF(D5:D19,"water")
A25: Plates marked 'contamination_control' (want 1) | D25: =COUNTIF(D5:D14,"contamination_control")
A26: Plates marked 'minus_variable_control' (want 1) | D26: =COUNTIF(D5:D19,"minus_variable_control")
A27: Sample plates with a strain assigned (want 12) | D27: {=SUMPRODUCT((D5:D19="sample")*(E5:E19<>""))}
A28: Sample plates with a replicate number (want 12) | D28: {=SUMPRODUCT((D5:D19="sample")*(F5:F19<>""))}
A29: Duplicate strain+replicate pairs (want 0) | D29: {=SUMPRODUCT((D5:D19="sample")*(E5:E19<>"")*(COUNTIFS(E5:E19,E5:E19,F5:F19,F5:F19,D5:D19,"sample")>1))}

Sheet Fructose AmmSulf
A1: Plate map — Fructose Ammonium Sulfate
A2: Yellow cells = fill in. Grey cells = fixed, do not edit. Row 4 is a worked EXAMPLE — delete it or leave it, the loader ignores row 4.
A3: Plate | B3: Grid_Row | C3: Grid_Col | D3: Role | E3: Strain | F3: Replicate | G3: Spores | H3: Carbon | I3: Nitrogen | J3: Include | K3: Baseline_Frame | L3: Notes
A4: EXAMPLE | B4: 1 | C4: A | D4: sample | E4: STRAIN_1 | F4: 1 | G4: Y | H4: Fructose | I4: Ammonium sulfate | J4: Y | K4: auto | L4: example only — loader skips this row
A5: A1 | B5: 1 | C5: A | D5: sample | E5: UM1 | F5: 3 | G5: Y | H5: Fructose | I5: Ammonium sulfate | J5: Y
A6: B1 | B6: 1 | C6: B | D6: minus_variable_control | E6: B2002 | G6: Y | H6: Fructose | I6: Ammonium sulfate | J6: Y
A7: C1 | B7: 1 | C7: C | D7: sample | E7: 6205 | F7: 3 | G7: Y | H7: Fructose | I7: Ammonium sulfate | J7: Y
A8: D1 | B8: 1 | C8: D | D8: sample | E8: NH | F8: 3 | G8: Y | H8: Fructose | I8: Ammonium sulfate | J8: Y
A9: E1 | B9: 1 | C9: E | D9: sample | E9: B2002 | F9: 3 | G9: Y | H9: Fructose | I9: Ammonium sulfate | J9: Y
A10: A2 | B10: 2 | C10: A | D10: sample | E10: NH | F10: 2 | G10: Y | H10: Fructose | I10: Ammonium sulfate | J10: Y
A11: B2 | B11: 2 | C11: B | D11: sample | E11: 6205 | F11: 2 | G11: Y | H11: Fructose | I11: Ammonium sulfate | J11: Y
A12: C2 | B12: 2 | C12: C | D12: water | G12: N | H12: Fructose | I12: Ammonium sulfate | J12: N
A13: D2 | B13: 2 | C13: D | D13: sample | E13: B2002 | F13: 2 | G13: Y | H13: Fructose | I13: Ammonium sulfate | J13: Y
A14: E2 | B14: 2 | C14: E | D14: sample | E14: UM1 | F14: 2 | G14: Y | H14: Fructose | I14: Ammonium sulfate | J14: Y
A15: A3 | B15: 3 | C15: A | D15: sample | E15: 6205 | F15: 1 | G15: Y | H15: Fructose | I15: Ammonium sulfate | J15: Y
A16: B3 | B16: 3 | C16: B | D16: sample | E16: B2002 | F16: 1 | G16: Y | H16: Fructose | I16: Ammonium sulfate | J16: Y
A17: C3 | B17: 3 | C17: C | D17: sample | E17: UM1 | F17: 1 | G17: Y | H17: Fructose | I17: Ammonium sulfate | J17: Y
A18: D3 | B18: 3 | C18: D | D18: sample | E18: NH | F18: 1 | G18: Y | H18: Fructose | I18: Ammonium sulfate | J18: Y
A19: E3 | B19: 3 | C19: E | D19: contamination_control | G19: N | H19: Fructose | I19: Ammonium sulfate | J19: Y
A21: Sanity check
A22: Rows with a Role filled in (want 15) | D22: =COUNTA(D5:D19)
A23: Plates marked 'sample' (want 12) | D23: =COUNTIF(D5:D19,"sample")
A24: Plates marked 'water' (want 1) | D24: =COUNTIF(D5:D19,"water")
A25: Plates marked 'contamination_control' (want 1) | D25: =COUNTIF(D5:D14,"contamination_control")
A26: Plates marked 'minus_variable_control' (want 1) | D26: =COUNTIF(D5:D19,"minus_variable_control")
A27: Sample plates with a strain assigned (want 12) | D27: {=SUMPRODUCT((D5:D19="sample")*(E5:E19<>""))}
A28: Sample plates with a replicate number (want 12) | D28: {=SUMPRODUCT((D5:D19="sample")*(F5:F19<>""))}
A29: Duplicate strain+replicate pairs (want 0) | D29: {=SUMPRODUCT((D5:D19="sample")*(E5:E19<>"")*(COUNTIFS(E5:E19,E5:E19,F5:F19,F5:F19,D5:D19,"sample")>1))}

Sheet Glycerol AmmSulf
A1: Plate map — Glycerol Ammonium Sulfate
A2: Yellow cells = fill in. Grey cells = fixed, do not edit. Row 4 is a worked EXAMPLE — delete it or leave it, the loader ignores row 4.
A3: Plate | B3: Grid_Row | C3: Grid_Col | D3: Role | E3: Strain | F3: Replicate | G3: Spores | H3: Carbon | I3: Nitrogen | J3: Include | K3: Baseline_Frame | L3: Notes
A4: EXAMPLE | B4: 1 | C4: A | D4: sample | E4: STRAIN_1 | F4: 1 | G4: Y | H4: Glycerol | I4: Ammonium sulfate | J4: Y | K4: auto | L4: example only — loader skips this row
A5: A1 | B5: 1 | C5: A | D5: sample | E5: 6205 | F5: 3 | G5: Y | H5: Glycerol | I5: Ammonium sulfate | J5: Y
A6: B1 | B6: 1 | C6: B | D6: contamination_control | G6: N | H6: Glycerol | I6: Ammonium sulfate | J6: Y
A7: C1 | B7: 1 | C7: C | D7: sample | E7: UM1 | F7: 3 | G7: Y | H7: Glycerol | I7: Ammonium sulfate | J7: Y
A8: D1 | B8: 1 | C8: D | D8: sample | E8: NH | F8: 3 | G8: Y | H8: Glycerol | I8: Ammonium sulfate | J8: Y
A9: E1 | B9: 1 | C9: E | D9: sample | E9: B2002 | F9: 3 | G9: Y | H9: Glycerol | I9: Ammonium sulfate | J9: Y
A10: A2 | B10: 2 | C10: A | D10: sample | E10: B2002 | F10: 2 | G10: Y | H10: Glycerol | I10: Ammonium sulfate | J10: Y
A11: B2 | B11: 2 | C11: B | D11: sample | E11: 6205 | F11: 2 | G11: Y | H11: Glycerol | I11: Ammonium sulfate | J11: Y
A12: C2 | B12: 2 | C12: C | D12: water | G12: N | H12: Glycerol | I12: Ammonium sulfate | J12: N
A13: D2 | B13: 2 | C13: D | D13: minus_variable_control | E13: 6205 | G13: Y | H13: Glycerol | I13: Ammonium sulfate | J13: Y
A14: E2 | B14: 2 | C14: E | D14: sample | E14: UM1 | F14: 2 | G14: Y | H14: Glycerol | I14: Ammonium sulfate | J14: Y
A15: A3 | B15: 3 | C15: A | D15: sample | E15: UM1 | F15: 1 | G15: Y | H15: Glycerol | I15: Ammonium sulfate | J15: Y
A16: B3 | B16: 3 | C16: B | D16: sample | E16: NH | F16: 1 | G16: Y | H16: Glycerol | I16: Ammonium sulfate | J16: Y
A17: C3 | B17: 3 | C17: C | D17: sample | E17: NH | F17: 2 | G17: Y | H17: Glycerol | I17: Ammonium sulfate | J17: Y
A18: D3 | B18: 3 | C18: D | D18: sample | E18: B2002 | F18: 1 | G18: Y | H18: Glycerol | I18: Ammonium sulfate | J18: Y
A19: E3 | B19: 3 | C19: E | D19: sample | E19: 6205 | F19: 1 | G19: Y | H19: Glycerol | I19: Ammonium sulfate | J19: Y
A21: Sanity check
A22: Rows with a Role filled in (want 15) | D22: =COUNTA(D5:D19)
A23: Plates marked 'sample' (want 12) | D23: =COUNTIF(D5:D19,"sample")
A24: Plates marked 'water' (want 1) | D24: =COUNTIF(D5:D19,"water")
A25: Plates marked 'contamination_control' (want 1) | D25: =COUNTIF(D5:D14,"contamination_control")
A26: Plates marked 'minus_variable_control' (want 1) | D26: =COUNTIF(D5:D19,"minus_variable_control")
A27: Sample plates with a strain assigned (want 12) | D27: {=SUMPRODUCT((D5:D19="sample")*(E5:E19<>""))}
A28: Sample plates with a replicate number (want 12) | D28: {=SUMPRODUCT((D5:D19="sample")*(F5:F19<>""))}
A29: Duplicate strain+replicate pairs (want 0) | D29: {=SUMPRODUCT((D5:D19="sample")*(E5:E19<>"")*(COUNTIFS(E5:E19,E5:E19,F5:F19,F5:F19,D5:D19,"sample")>1))}

Sheet Molasses AmmSulf
A1: Plate map — Molasses Ammonium Sulfate
A2: Yellow cells = fill in. Grey cells = fixed, do not edit. Row 4 is a worked EXAMPLE — delete it or leave it, the loader ignores row 4.
A3: Plate | B3: Grid_Row | C3: Grid_Col | D3: Role | E3: Strain | F3: Replicate | G3: Spores | H3: Carbon | I3: Nitrogen | J3: Include | K3: Baseline_Frame | L3: Notes
A4: EXAMPLE | B4: 1 | C4: A | D4: sample | E4: STRAIN_1 | F4: 1 | G4: Y | H4: Molasses | I4: Ammonium sulfate | J4: Y | K4: auto | L4: example only — loader skips this row
A5: A1 | B5: 1 | C5: A | D5: sample | E5: UM1 | F5: 3 | G5: Y | H5: Molasses | I5: Ammonium sulfate | J5: Y
A6: B1 | B6: 1 | C6: B | D6: contamination_control | G6: N | H6: Molasses | I6: Ammonium sulfate | J6: Y
A7: C1 | B7: 1 | C7: C | D7: sample | E7: B2002 | F7: 3 | G7: Y | H7: Molasses | I7: Ammonium sulfate | J7: Y
A8: D1 | B8: 1 | C8: D | D8: sample | E8: 6205 | F8: 3 | G8: Y | H8: Molasses | I8: Ammonium sulfate | J8: Y
A9: E1 | B9: 1 | C9: E | D9: sample | E9: NH | F9: 3 | G9: Y | H9: Molasses | I9: Ammonium sulfate | J9: Y
A10: A2 | B10: 2 | C10: A | D10: sample | E10: NH | F10: 2 | G10: Y | H10: Molasses | I10: Ammonium sulfate | J10: Y
A11: B2 | B11: 2 | C11: B | D11: sample | E11: UM1 | F11: 2 | G11: Y | H11: Molasses | I11: Ammonium sulfate | J11: Y
A12: C2 | B12: 2 | C12: C | D12: water | G12: N | H12: Molasses | I12: Ammonium sulfate | J12: N
A13: D2 | B13: 2 | C13: D | D13: sample | E13: B2002 | F13: 2 | G13: Y | H13: Molasses | I13: Ammonium sulfate | J13: Y
A14: E2 | B14: 2 | C14: E | D14: sample | E14: 6205 | F14: 2 | G14: Y | H14: Molasses | I14: Ammonium sulfate | J14: Y
A15: A3 | B15: 3 | C15: A | D15: sample | E15: 6205 | F15: 1 | G15: Y | H15: Molasses | I15: Ammonium sulfate | J15: Y
A16: B3 | B16: 3 | C16: B | D16: minus_variable_control | E16: 6205 | G16: Y | H16: Molasses | I16: Ammonium sulfate | J16: Y
A17: C3 | B17: 3 | C17: C | D17: sample | E17: NH | F17: 1 | G17: Y | H17: Molasses | I17: Ammonium sulfate | J17: Y
A18: D3 | B18: 3 | C18: D | D18: sample | E18: UM1 | F18: 1 | G18: Y | H18: Molasses | I18: Ammonium sulfate | J18: Y
A19: E3 | B19: 3 | C19: E | D19: sample | E19: B2002 | F19: 1 | G19: Y | H19: Molasses | I19: Ammonium sulfate | J19: Y
A21: Sanity check
A22: Rows with a Role filled in (want 15) | D22: =COUNTA(D5:D19)
A23: Plates marked 'sample' (want 12) | D23: =COUNTIF(D5:D19,"sample")
A24: Plates marked 'water' (want 1) | D24: =COUNTIF(D5:D19,"water")
A25: Plates marked 'contamination_control' (want 1) | D25: =COUNTIF(D5:D14,"contamination_control")
A26: Plates marked 'minus_variable_control' (want 1) | D26: =COUNTIF(D5:D19,"minus_variable_control")
A27: Sample plates with a strain assigned (want 12) | D27: {=SUMPRODUCT((D5:D19="sample")*(E5:E19<>""))}
A28: Sample plates with a replicate number (want 12) | D28: {=SUMPRODUCT((D5:D19="sample")*(F5:F19<>""))}
A29: Duplicate strain+replicate pairs (want 0) | D29: {=SUMPRODUCT((D5:D19="sample")*(E5:E19<>"")*(COUNTIFS(E5:E19,E5:E19,F5:F19,F5:F19,D5:D19,"sample")>1))}

Sheet Xylose AmmSulf
A1: Plate map — Xylose Ammonium Sulfate
A2: Yellow cells = fill in. Grey cells = fixed, do not edit. Row 4 is a worked EXAMPLE — delete it or leave it, the loader ignores row 4.
A3: Plate | B3: Grid_Row | C3: Grid_Col | D3: Role | E3: Strain | F3: Replicate | G3: Spores | H3: Carbon | I3: Nitrogen | J3: Include | K3: Baseline_Frame | L3: Notes
A4: EXAMPLE | B4: 1 | C4: A | D4: sample | E4: STRAIN_1 | F4: 1 | G4: Y | H4: Xylose | I4: Ammonium sulfate | J4: Y | K4: auto | L4: example only — loader skips this row
A5: A1 | B5: 1 | C5: A | D5: sample | E5: NH | F5: 3 | G5: Y | H5: Xylose | I5: Ammonium sulfate | J5: Y
A6: B1 | B6: 1 | C6: B | D6: minus_variable_control | E6: NH | G6: Y | H6: Xylose | I6: Ammonium sulfate | J6: Y
A7: C1 | B7: 1 | C7: C | D7: sample | E7: 6205 | F7: 3 | G7: Y | H7: Xylose | I7: Ammonium sulfate | J7: Y
A8: D1 | B8: 1 | C8: D | D8: sample | E8: B2002 | F8: 3 | G8: Y | H8: Xylose | I8: Ammonium sulfate | J8: Y
A9: E1 | B9: 1 | C9: E | D9: sample | E9: UM1 | F9: 3 | G9: Y | H9: Xylose | I9: Ammonium sulfate | J9: Y
A10: A2 | B10: 2 | C10: A | D10: sample | E10: UM1 | F10: 2 | G10: Y | H10: Xylose | I10: Ammonium sulfate | J10: Y
A11: B2 | B11: 2 | C11: B | D11: sample | E11: NH | F11: 2 | G11: Y | H11: Xylose | I11: Ammonium sulfate | J11: Y
A12: C2 | B12: 2 | C12: C | D12: water | G12: N | H12: Xylose | I12: Ammonium sulfate | J12: N
A13: D2 | B13: 2 | C13: D | D13: sample | E13: 6205 | F13: 2 | G13: Y | H13: Xylose | I13: Ammonium sulfate | J13: Y
A14: E2 | B14: 2 | C14: E | D14: sample | E14: B2002 | F14: 2 | G14: Y | H14: Xylose | I14: Ammonium sulfate | J14: Y
A15: A3 | B15: 3 | C15: A | D15: sample | E15: B2002 | F15: 1 | G15: Y | H15: Xylose | I15: Ammonium sulfate | J15: Y
A16: B3 | B16: 3 | C16: B | D16: sample | E16: UM1 | F16: 1 | G16: Y | H16: Xylose | I16: Ammonium sulfate | J16: Y
A17: C3 | B17: 3 | C17: C | D17: sample | E17: NH | F17: 1 | G17: Y | H17: Xylose | I17: Ammonium sulfate | J17: Y
A18: D3 | B18: 3 | C18: D | D18: contamination_control | G18: N | H18: Xylose | I18: Ammonium sulfate | J18: Y
A19: E3 | B19: 3 | C19: E | D19: sample | E19: 6205 | F19: 1 | G19: Y | H19: Xylose | I19: Ammonium sulfate | J19: Y
A21: Sanity check
A22: Rows with a Role filled in (want 15) | D22: =COUNTA(D5:D19)
A23: Plates marked 'sample' (want 12) | D23: =COUNTIF(D5:D19,"sample")
A24: Plates marked 'water' (want 1) | D24: =COUNTIF(D5:D19,"water")
A25: Plates marked 'contamination_control' (want 1) | D25: =COUNTIF(D5:D14,"contamination_control")
A26: Plates marked 'minus_variable_control' (want 1) | D26: =COUNTIF(D5:D19,"minus_variable_control")
A27: Sample plates with a strain assigned (want 12) | D27: {=SUMPRODUCT((D5:D19="sample")*(E5:E19<>""))}
A28: Sample plates with a replicate number (want 12) | D28: {=SUMPRODUCT((D5:D19="sample")*(F5:F19<>""))}
A29: Duplicate strain+replicate pairs (want 0) | D29: {=SUMPRODUCT((D5:D19="sample")*(E5:E19<>"")*(COUNTIFS(E5:E19,E5:E19,F5:F19,F5:F19,D5:D19,"sample")>1))}

Sheet Dextrose AS V4
A1: Plate map — Dextrose AS V4
A2: Yellow cells = fill in. Grey cells = fixed, do not edit. Row 4 is a worked EXAMPLE — the loader ignores it.
A3: Plate | B3: Grid_Row | C3: Grid_Col | D3: Role | E3: Strain | F3: Replicate | G3: Spores | H3: Carbon | I3: Nitrogen | J3: Include | K3: Baseline_Frame | L3: Notes
A4: EXAMPLE | B4: 1 | C4: A | D4: sample | E4: STRAIN_1 | F4: 1 | G4: Y | H4: Dextrose | I4: Ammonium sulfate | J4: Y | K4: auto | L4: example only — loader skips this row
A5: A1 | B5: 1 | C5: A | D5: sample | E5: NH | F5: 1 | G5: Y | H5: Dextrose | I5: Ammonium sulfate | J5: Y
A6: B1 | B6: 1 | C6: B | D6: sample | E6: B2002 | F6: 1 | G6: Y | H6: Dextrose | I6: Ammonium sulfate | J6: Y
A7: C1 | B7: 1 | C7: C | D7: sample | E7: UM1 | F7: 1 | G7: Y | H7: Dextrose | I7: Ammonium sulfate | J7: Y
A8: D1 | B8: 1 | C8: D | D8: sample | E8: 6205 | F8: 1 | G8: Y | H8: Dextrose | I8: Ammonium sulfate | J8: Y
A9: E1 | B9: 1 | C9: E | D9: unused | H9: Dextrose | I9: Ammonium sulfate | J9: N
A10: A2 | B10: 2 | C10: A | D10: sample | E10: UM1 | F10: 2 | G10: Y | H10: Dextrose | I10: Ammonium sulfate | J10: Y
A11: B2 | B11: 2 | C11: B | D11: sample | E11: UM1 | F11: 3 | G11: Y | H11: Dextrose | I11: Ammonium sulfate | J11: Y
A12: C2 | B12: 2 | C12: C | D12: water | G12: N | H12: Dextrose | I12: Ammonium sulfate | J12: N
A13: D2 | B13: 2 | C13: D | D13: sample | E13: B2002 | F13: 2 | G13: Y | H13: Dextrose | I13: Ammonium sulfate | J13: Y
A14: E2 | B14: 2 | C14: E | D14: sample | E14: 6205 | F14: 2 | G14: Y | H14: Dextrose | I14: Ammonium sulfate | J14: Y
A15: A3 | B15: 3 | C15: A | D15: sample | E15: NH | F15: 2 | G15: Y | H15: Dextrose | I15: Ammonium sulfate | J15: Y
A16: B3 | B16: 3 | C16: B | D16: minus_variable_control | E16: NH | G16: Y | H16: Dextrose | I16: Ammonium sulfate | J16: Y
A17: C3 | B17: 3 | C17: C | D17: sample | E17: B2002 | F17: 3 | G17: Y | H17: Dextrose | I17: Ammonium sulfate | J17: Y
A18: D3 | B18: 3 | C18: D | D18: sample | E18: NH | F18: 3 | G18: Y | H18: Dextrose | I18: Ammonium sulfate | J18: Y
A19: E3 | B19: 3 | C19: E | D19: sample | E19: 6205 | F19: 3 | G19: Y | H19: Dextrose | I19: Ammonium sulfate | J19: Y
A21: Sanity check
A22: Rows with a Role filled in (want 15) | D22: =COUNTA(D5:D19)
A23: Plates marked 'sample' (want 12) | D23: =COUNTIF(D5:D19,"sample")
A24: Plates marked 'water' (want 1) | D24: =COUNTIF(D5:D19,"water")
A25: Plates marked 'contamination_control' (want 1) | D25: =COUNTIF(D5:D19,"contamination_control")
A26: Plates marked 'minus_variable_control' (want 1) | D26: =COUNTIF(D5:D19,"minus_variable_control")
A27: Sample plates with a strain assigned (want 12) | D27: =SUMPRODUCT((D5:D19="sample")*(E5:E19<>""))
A28: Sample plates with a replicate number (want 12) | D28: =SUMPRODUCT((D5:D19="sample")*(F5:F19<>""))
A29: Duplicate strain+replicate pairs (want 0) | D29: =SUMPRODUCT((D5:D19="sample")*(E5:E19<>"")*(COUNTIFS(E5:E19,E5:E19,F5:F19,F5:F19,D5:D19,"sample")>1))

Sheet Dextrose AS Agarose
A1: Plate map — Dextrose Ammonium Sulfate Agarose Part 2 (power issue)
A2: Yellow cells = fill in. Grey cells = fixed, do not edit. Row 4 is a worked EXAMPLE — the loader ignores it.
A3: Plate | B3: Grid_Row | C3: Grid_Col | D3: Role | E3: Strain | F3: Replicate | G3: Spores | H3: Carbon | I3: Nitrogen | J3: Include | K3: Baseline_Frame | L3: Notes
A4: EXAMPLE | B4: 1 | C4: A | D4: sample | E4: STRAIN_1 | F4: 1 | G4: Y | H4: Dextrose | I4: Ammonium sulfate | J4: Y | K4: auto | L4: example only — loader skips this row
A5: A1 | B5: 1 | C5: A | D5: contamination_control | G5: N | H5: Dextrose | I5: Ammonium sulfate | J5: Y
A6: B1 | B6: 1 | C6: B | D6: sample | E6: NH | F6: 1 | G6: Y | H6: Dextrose | I6: Ammonium sulfate | J6: Y
A7: C1 | B7: 1 | C7: C | D7: sample | E7: B2002 | F7: 1 | G7: Y | H7: Dextrose | I7: Ammonium sulfate | J7: Y
A8: D1 | B8: 1 | C8: D | D8: sample | E8: 6205 | F8: 1 | G8: Y | H8: Dextrose | I8: Ammonium sulfate | J8: Y
A9: E1 | B9: 1 | C9: E | D9: sample | E9: B2002 | F9: 2 | G9: Y | H9: Dextrose | I9: Ammonium sulfate | J9: Y
A10: A2 | B10: 2 | C10: A | D10: sample | E10: UM1 | F10: 1 | G10: Y | H10: Dextrose | I10: Ammonium sulfate | J10: Y
A11: B2 | B11: 2 | C11: B | D11: sample | E11: 6205 | F11: 2 | G11: Y | H11: Dextrose | I11: Ammonium sulfate | J11: Y
A12: C2 | B12: 2 | C12: C | D12: water | G12: N | H12: Dextrose | I12: Ammonium sulfate | J12: N
A13: D2 | B13: 2 | C13: D | D13: minus_variable_control | E13: 6205 | G13: Y | H13: Dextrose | I13: Ammonium sulfate | J13: Y
A14: E2 | B14: 2 | C14: E | D14: sample | E14: NH | F14: 2 | G14: Y | H14: Dextrose | I14: Ammonium sulfate | J14: Y
A15: A3 | B15: 3 | C15: A | D15: sample | E15: B2002 | F15: 3 | G15: Y | H15: Dextrose | I15: Ammonium sulfate | J15: Y
A16: B3 | B16: 3 | C16: B | D16: sample | E16: UM1 | F16: 2 | G16: Y | H16: Dextrose | I16: Ammonium sulfate | J16: Y
A17: C3 | B17: 3 | C17: C | D17: sample | E17: NH | F17: 3 | G17: Y | H17: Dextrose | I17: Ammonium sulfate | J17: Y
A18: D3 | B18: 3 | C18: D | D18: sample | E18: UM1 | F18: 3 | G18: Y | H18: Dextrose | I18: Ammonium sulfate | J18: Y
A19: E3 | B19: 3 | C19: E | D19: sample | E19: 6205 | F19: 3 | G19: Y | H19: Dextrose | I19: Ammonium sulfate | J19: Y
A21: Sanity check
A22: Rows with a Role filled in (want 15) | D22: =COUNTA(D5:D19)
A23: Plates marked 'sample' (want 12) | D23: =COUNTIF(D5:D19,"sample")
A24: Plates marked 'water' (want 1) | D24: =COUNTIF(D5:D19,"water")
A25: Plates marked 'contamination_control' (want 1) | D25: =COUNTIF(D5:D19,"contamination_control")
A26: Plates marked 'minus_variable_control' (want 1) | D26: =COUNTIF(D5:D19,"minus_variable_control")
A27: Sample plates with a strain assigned (want 12) | D27: =SUMPRODUCT((D5:D19="sample")*(E5:E19<>""))
A28: Sample plates with a replicate number (want 12) | D28: =SUMPRODUCT((D5:D19="sample")*(F5:F19<>""))
A29: Duplicate strain+replicate pairs (want 0) | D29: =SUMPRODUCT((D5:D19="sample")*(E5:E19<>"")*(COUNTIFS(E5:E19,E5:E19,F5:F19,F5:F19,D5:D19,"sample")>1))

Sheet Glutamate AmmSulf
A1: Plate map — Glutamate Ammonium Sulfate
A2: Yellow cells = fill in. Grey cells = fixed. Row 4 is a worked EXAMPLE — the loader ignores it. DATA NOT YET COLLECTED.
A3: Plate | B3: Grid_Row | C3: Grid_Col | D3: Role | E3: Strain | F3: Replicate | G3: Spores | H3: Carbon | I3: Nitrogen | J3: Include | K3: Baseline_Frame | L3: Notes
A4: EXAMPLE | B4: 1 | C4: A | D4: sample | E4: STRAIN_1 | F4: 1 | G4: Y | H4: Glutamate | I4: Ammonium sulfate | J4: Y | K4: auto | L4: example only — loader skips this row
A5: A1 | B5: 1 | C5: A | D5: sample | E5: NH | F5: 1 | G5: Y | H5: Glutamate | I5: Ammonium sulfate | J5: Y
A6: B1 | B6: 1 | C6: B | D6: sample | E6: B2002 | F6: 1 | G6: Y | H6: Glutamate | I6: Ammonium sulfate | J6: Y
A7: C1 | B7: 1 | C7: C | D7: sample | E7: 6205 | F7: 1 | G7: Y | H7: Glutamate | I7: Ammonium sulfate | J7: Y
A8: D1 | B8: 1 | C8: D | D8: sample | E8: UM1 | F8: 1 | G8: Y | H8: Glutamate | I8: Ammonium sulfate | J8: Y
A9: E1 | B9: 1 | C9: E | D9: minus_variable_control | E9: NH | G9: Y | H9: Glutamate | I9: Ammonium sulfate | J9: Y
A10: A2 | B10: 2 | C10: A | D10: sample | E10: UM1 | F10: 2 | G10: Y | H10: Glutamate | I10: Ammonium sulfate | J10: Y
A11: B2 | B11: 2 | C11: B | D11: sample | E11: NH | F11: 2 | G11: Y | H11: Glutamate | I11: Ammonium sulfate | J11: Y
A12: C2 | B12: 2 | C12: C | D12: water | G12: N | H12: Glutamate | I12: Ammonium sulfate | J12: N
A13: D2 | B13: 2 | C13: D | D13: sample | E13: B2002 | F13: 2 | G13: Y | H13: Glutamate | I13: Ammonium sulfate | J13: Y
A14: E2 | B14: 2 | C14: E | D14: sample | E14: 6205 | F14: 2 | G14: Y | H14: Glutamate | I14: Ammonium sulfate | J14: Y
A15: A3 | B15: 3 | C15: A | D15: sample | E15: B2002 | F15: 3 | G15: Y | H15: Glutamate | I15: Ammonium sulfate | J15: Y
A16: B3 | B16: 3 | C16: B | D16: sample | E16: 6205 | F16: 3 | G16: Y | H16: Glutamate | I16: Ammonium sulfate | J16: Y
A17: C3 | B17: 3 | C17: C | D17: sample | E17: UM1 | F17: 3 | G17: Y | H17: Glutamate | I17: Ammonium sulfate | J17: Y
A18: D3 | B18: 3 | C18: D | D18: contamination_control | G18: N | H18: Glutamate | I18: Ammonium sulfate | J18: Y
A19: E3 | B19: 3 | C19: E | D19: sample | E19: NH | F19: 3 | G19: Y | H19: Glutamate | I19: Ammonium sulfate | J19: Y
A21: Sanity check
A22: Rows with a Role filled in (want 15) | D22: =COUNTA(D5:D19)
A23: Plates marked 'sample' (want 12) | D23: =COUNTIF(D5:D19,"sample")
A24: Plates marked 'water' (want 1) | D24: =COUNTIF(D5:D19,"water")
A25: Plates marked 'contamination_control' (want 1) | D25: =COUNTIF(D5:D19,"contamination_control")
A26: Plates marked 'minus_variable_control' (want 1) | D26: =COUNTIF(D5:D19,"minus_variable_control")
A27: Sample plates with a strain assigned (want 12) | D27: =SUMPRODUCT((D5:D19="sample")*(E5:E19<>""))
A28: Sample plates with a replicate number (want 12) | D28: =SUMPRODUCT((D5:D19="sample")*(F5:F19<>""))
A29: Duplicate strain+replicate pairs (want 0) | D29: =SUMPRODUCT((D5:D19="sample")*(E5:E19<>"")*(COUNTIFS(E5:E19,E5:E19,F5:F19,F5:F19,D5:D19,"sample")>1))
